file-path,true-srcloc,reason
/exp/blackscholes/constant-swap/mutant1/mutant1-static/7.grift,#(struct:srcloc 7.grift 5 24 168 12),non-type
/exp/blackscholes/constant-swap/mutant13/mutant13-static/1.grift,#(struct:srcloc 1.grift 15 32 530 11),non-type
/exp/blackscholes/constant-swap/mutant18/mutant18-static/3.grift,#(struct:srcloc 3.grift 31 38 1271 19),non-type
/exp/blackscholes/constant-swap/mutant2/mutant2-static/2.grift,#(struct:srcloc 2.grift 5 24 172 11),non-type
/exp/blackscholes/constant-swap/mutant23/mutant23-dynamic.grift,#(struct:srcloc mutant23-dynamic.grift 72 36 1991 11),non-type
/exp/blackscholes/constant-swap/mutant30/mutant30-dynamic.grift,#(struct:srcloc mutant30-dynamic.grift 116 39 3189 12),non-type
/exp/blackscholes/constant-swap/mutant36/mutant36-static/3.grift,#(struct:srcloc 3.grift 112 19 4837 12),non-type
/exp/blackscholes/constant-swap/mutant36/mutant36-static/5.grift,#(struct:srcloc 5.grift 112 19 4871 12),non-type
/exp/blackscholes/constant-swap/mutant40/mutant40-dynamic.grift,#(struct:srcloc mutant40-dynamic.grift 203 20 5546 11),non-type
/exp/blackscholes/constant-swap/mutant41/mutant41-static/7.grift,#(struct:srcloc 7.grift 112 23 4855 9),suc-usage
/exp/blackscholes/constant-swap/mutant42/mutant42-static/8.grift,#(struct:srcloc 8.grift 112 27 4760 12),non-type
/exp/blackscholes/constant-swap/mutant43/mutant43-static.grift,#(struct:srcloc mutant43-static.grift 203 24 5825 11),non-type
/exp/blackscholes/constant-swap/mutant54/mutant54-dynamic.grift,#(struct:srcloc mutant54-dynamic.grift 203 44 5570 12),non-type
/exp/blackscholes/constant-swap/mutant55/mutant55-static/2.grift,#(struct:srcloc 2.grift 112 47 4912 11),non-type
/exp/blackscholes/constant-swap/mutant60/mutant60-static/2.grift,#(struct:srcloc 2.grift 116 41 5104 12),non-type
/exp/blackscholes/constant-swap/mutant68/mutant68-static/8.grift,#(struct:srcloc 8.grift 120 41 5080 9),suc-usage
/exp/blackscholes/constant-swap/mutant69/mutant69-static/9.grift,#(struct:srcloc 9.grift 122 41 5097 12),non-type
/exp/blackscholes/constant-swap/mutant7/mutant7-static/4.grift,#(struct:srcloc 4.grift 8 27 262 11),non-type
/exp/blackscholes/constant-swap/mutant7/mutant7-static/5.grift,#(struct:srcloc 5.grift 8 27 258 11),non-type
/exp/blackscholes/constant-swap/mutant70/mutant70-dynamic.grift,#(struct:srcloc mutant70-dynamic.grift 223 37 6029 11),non-type
/exp/blackscholes/constant-swap/mutant73/mutant73-static/7.grift,#(struct:srcloc 7.grift 124 41 5299 11),non-type
/exp/blackscholes/constant-swap/mutant74/mutant74-static/6.grift,#(struct:srcloc 6.grift 124 41 5359 9),non-type
/exp/blackscholes/constant-swap/mutant78/mutant78-static/4.grift,#(struct:srcloc 4.grift 128 23 5549 9),non-type
/exp/blackscholes/constant-swap/mutant86/mutant86-static/2.grift,#(struct:srcloc 2.grift 136 44 6059 9),non-type
/exp/blackscholes/constant-swap/mutant89/mutant89-static/5.grift,#(struct:srcloc 5.grift 143 47 6376 12),non-type
/exp/blackscholes/constant-swap/mutant90/mutant90-static/1.grift,#(struct:srcloc 1.grift 143 47 6481 11),non-type
/exp/blackscholes/constant-swap/mutant92/mutant92-dynamic.grift,#(struct:srcloc mutant92-dynamic.grift 252 23 7092 9),non-type
/exp/blackscholes/constant-swap/mutant92/mutant92-static/1.grift,#(struct:srcloc 1.grift 145 29 6538 9),non-type
/exp/blackscholes/constant-swap/mutant94/mutant94-static/7.grift,#(struct:srcloc 7.grift 145 29 6329 9),non-type
/exp/blackscholes/constant-swap/mutant95/mutant95-dynamic.grift,#(struct:srcloc mutant95-dynamic.grift 254 31 7174 9),non-type
/exp/blackscholes/constant-swap/mutant97/mutant97-static/3.grift,#(struct:srcloc 3.grift 146 30 6518 9),non-type
/exp/blackscholes/constant-swap/mutant99/mutant99-static/7.grift,#(struct:srcloc 7.grift 147 194 6618 11),non-type
/exp/blackscholes/position-swap/mutant10/mutant10-static/3.grift,#(struct:srcloc 3.grift 15 36 531 39),non-type
/exp/blackscholes/position-swap/mutant11/mutant11-static/1.grift,#(struct:srcloc 1.grift 17 21 616 31),non-type
/exp/blackscholes/position-swap/mutant11/mutant11-static/4.grift,#(struct:srcloc 4.grift 17 21 614 31),non-type
/exp/blackscholes/position-swap/mutant12/mutant12-static/4.grift,#(struct:srcloc 4.grift 19 24 691 33),non-type
/exp/blackscholes/position-swap/mutant16/mutant16-static/8.grift,#(struct:srcloc 8.grift 24 29 914 487),non-type
/exp/blackscholes/position-swap/mutant18/mutant18-dynamic.grift,#(struct:srcloc mutant18-dynamic.grift 51 23 1247 41),non-type
/exp/blackscholes/position-swap/mutant21/mutant21-static/8.grift,#(struct:srcloc 8.grift 33 33 1361 40),non-type
/exp/blackscholes/position-swap/mutant23/mutant23-dynamic.grift,#(struct:srcloc mutant23-dynamic.grift 67 33 1773 45),non-type
/exp/blackscholes/position-swap/mutant27/mutant27-static/8.grift,#(struct:srcloc 8.grift 37 48 1600 36),non-type
/exp/blackscholes/position-swap/mutant30/mutant30-static/4.grift,#(struct:srcloc 4.grift 49 19 2086 33),non-type
/exp/blackscholes/position-swap/mutant40/mutant40-dynamic.grift,#(struct:srcloc mutant40-dynamic.grift 113 15 3005 63),non-type
/exp/blackscholes/position-swap/mutant49/mutant49-static/7.grift,#(struct:srcloc 7.grift 66 38 2819 33),non-type
/exp/blackscholes/position-swap/mutant5/mutant5-dynamic.grift,#(struct:srcloc mutant5-dynamic.grift 19 28 365 37),non-type
/exp/blackscholes/position-swap/mutant5/mutant5-static/8.grift,#(struct:srcloc 8.grift 11 32 352 37),non-type
/exp/blackscholes/position-swap/mutant50/mutant50-static/3.grift,#(struct:srcloc 3.grift 66 57 2848 44),non-type
/exp/blackscholes/position-swap/mutant53/mutant53-static/7.grift,#(struct:srcloc 7.grift 82 13 3483 49),non-type
/exp/blackscholes/position-swap/mutant54/mutant54-static/1.grift,#(struct:srcloc 1.grift 84 16 3633 53),non-type
/exp/blackscholes/position-swap/mutant55/mutant55-static/6.grift,#(struct:srcloc 6.grift 106 30 4475 132),non-type
/exp/blackscholes/position-swap/mutant56/mutant56-static/3.grift,#(struct:srcloc 3.grift 106 30 4549 132),non-type
/exp/blackscholes/position-swap/mutant57/mutant57-static/9.grift,#(struct:srcloc 9.grift 106 30 4397 132),non-type
/exp/blackscholes/position-swap/mutant60/mutant60-static/4.grift,#(struct:srcloc 4.grift 113 11 4944 606),alias
/exp/blackscholes/position-swap/mutant60/mutant60-static/9.grift,#(struct:srcloc 9.grift 113 11 4784 523),alias
/exp/blackscholes/position-swap/mutant61/mutant61-static/3.grift,#(struct:srcloc 3.grift 113 11 4942 621),alias
/exp/blackscholes/position-swap/mutant8/mutant8-static/7.grift,#(struct:srcloc 7.grift 15 18 511 59),non-type
/exp/blackscholes/position-swap/mutant9/mutant9-static.grift,#(struct:srcloc mutant9-static.grift 27 22 582 49),non-type
/exp/fft/constant-swap/mutant0/mutant0-static/4.grift,#(struct:srcloc 4.grift 6 25 140 12),non-type
/exp/fft/constant-swap/mutant1/mutant1-dynamic.grift,#(struct:srcloc mutant1-dynamic.grift 11 21 157 11),non-type
/exp/fft/constant-swap/mutant1/mutant1-static.grift,#(struct:srcloc mutant1-static.grift 11 21 167 11),non-type
/exp/fft/constant-swap/mutant1/mutant1-static/0.grift,#(struct:srcloc 0.grift 6 25 141 11),non-type
/exp/fft/constant-swap/mutant1/mutant1-static/6.grift,#(struct:srcloc 6.grift 6 25 140 11),non-type
/exp/fft/constant-swap/mutant12/mutant12-static.grift,#(struct:srcloc mutant12-static.grift 42 39 1270 10),non-type
/exp/fft/constant-swap/mutant16/mutant16-static/2.grift,#(struct:srcloc 2.grift 34 46 1542 10),non-type
/exp/fft/constant-swap/mutant16/mutant16-static/9.grift,#(struct:srcloc 9.grift 34 46 1528 10),non-type
/exp/fft/constant-swap/mutant22/mutant22-static/1.grift,#(struct:srcloc 1.grift 44 47 2080 12),non-type
/exp/fft/constant-swap/mutant23/mutant23-static/0.grift,#(struct:srcloc 0.grift 48 43 2297 12),non-type
/exp/fft/constant-swap/mutant24/mutant24-dynamic.grift,#(struct:srcloc mutant24-dynamic.grift 75 31 2307 11),non-type
/exp/fft/constant-swap/mutant24/mutant24-static/0.grift,#(struct:srcloc 0.grift 48 43 2297 11),non-type
/exp/fft/constant-swap/mutant35/mutant35-static/5.grift,#(struct:srcloc 5.grift 75 74 3618 10),non-type
/exp/fft/constant-swap/mutant4/mutant4-static/7.grift,#(struct:srcloc 7.grift 22 67 930 10),non-type
/exp/fft/constant-swap/mutant4/mutant4-static/8.grift,#(struct:srcloc 8.grift 22 67 920 10),non-type
/exp/fft/constant-swap/mutant50/mutant50-static/4.grift,#(struct:srcloc 4.grift 84 24 4348 9),non-type
/exp/fft/constant-swap/mutant55/mutant55-static/9.grift,#(struct:srcloc 9.grift 86 45 4326 9),non-type
/exp/fft/position-swap/mutant10/mutant10-static/2.grift,#(struct:srcloc 2.grift 27 30 1221 42),non-type
/exp/fft/position-swap/mutant11/mutant11-static/5.grift,#(struct:srcloc 5.grift 27 37 1226 30),non-type
/exp/fft/position-swap/mutant14/mutant14-static/5.grift,#(struct:srcloc 5.grift 33 42 1479 24),non-type
/exp/fft/position-swap/mutant15/mutant15-static/8.grift,#(struct:srcloc 8.grift 34 27 1496 48),non-type
/exp/fft/position-swap/mutant17/mutant17-static/5.grift,#(struct:srcloc 5.grift 34 49 1537 23),non-type
/exp/fft/position-swap/mutant18/mutant18-static/0.grift,#(struct:srcloc 0.grift 35 27 1596 39),non-type
/exp/fft/position-swap/mutant22/mutant22-static/8.grift,#(struct:srcloc 8.grift 40 36 1794 44),non-type
/exp/fft/position-swap/mutant24/mutant24-static/3.grift,#(struct:srcloc 3.grift 43 55 2006 31),non-type
/exp/fft/position-swap/mutant24/mutant24-static/7.grift,#(struct:srcloc 7.grift 43 55 1996 31),non-type
/exp/fft/position-swap/mutant29/mutant29-static/9.grift,#(struct:srcloc 9.grift 48 36 2243 46),suc-usage
/exp/fft/position-swap/mutant34/mutant34-static/8.grift,#(struct:srcloc 8.grift 59 27 2756 46),suc-usage
/exp/fft/position-swap/mutant35/mutant35-static/6.grift,#(struct:srcloc 6.grift 69 28 3195 23),non-type
/exp/fft/position-swap/mutant39/mutant39-static/1.grift,#(struct:srcloc 1.grift 73 44 3452 44),non-type
/exp/fft/position-swap/mutant4/mutant4-static/2.grift,#(struct:srcloc 2.grift 12 28 363 23),non-type
/exp/fft/position-swap/mutant40/mutant40-static/8.grift,#(struct:srcloc 8.grift 73 73 3388 50),non-type
/exp/fft/position-swap/mutant42/mutant42-static/5.grift,#(struct:srcloc 5.grift 75 39 3594 85),non-type
/exp/fft/position-swap/mutant45/mutant45-dynamic.grift,#(struct:srcloc mutant45-dynamic.grift 109 32 3526 44),non-type
/exp/fft/position-swap/mutant45/mutant45-static/9.grift,#(struct:srcloc 9.grift 75 79 3554 44),non-type
/exp/fft/position-swap/mutant49/mutant49-static/1.grift,#(struct:srcloc 1.grift 78 84 3891 23),non-type
/exp/fft/position-swap/mutant52/mutant52-static/0.grift,#(struct:srcloc 0.grift 80 62 4064 53),non-type
/exp/fft/position-swap/mutant54/mutant54-static/9.grift,#(struct:srcloc 9.grift 81 36 4042 55),non-type
/exp/fft/position-swap/mutant55/mutant55-static/1.grift,#(struct:srcloc 1.grift 81 36 4137 55),non-type
/exp/fft/position-swap/mutant63/mutant63-static/7.grift,#(struct:srcloc 7.grift 82 44 4137 28),non-type
/exp/fft/position-swap/mutant67/mutant67-dynamic.grift,#(struct:srcloc mutant67-dynamic.grift 116 35 4055 28),non-type
/exp/fft/position-swap/mutant67/mutant67-static/9.grift,#(struct:srcloc 9.grift 82 85 4168 28),non-type
/exp/fft/position-swap/mutant8/mutant8-static/3.grift,#(struct:srcloc 3.grift 24 85 1066 23),non-type
/exp/fft/position-swap/mutant9/mutant9-static/9.grift,#(struct:srcloc 9.grift 25 60 1115 23),non-type
/exp/matmult/constant-swap/mutant1/mutant1-static/6.grift,#(struct:srcloc 6.grift 5 30 127 11),alias
/exp/matmult/constant-swap/mutant14/mutant14-static.grift,#(struct:srcloc mutant14-static.grift 21 17 502 9),non-type
/exp/matmult/constant-swap/mutant15/mutant15-static/7.grift,#(struct:srcloc 7.grift 21 21 578 9),non-type
/exp/matmult/constant-swap/mutant2/mutant2-static/4.grift,#(struct:srcloc 4.grift 5 30 134 9),non-type
/exp/matmult/constant-swap/mutant3/mutant3-static/7.grift,#(struct:srcloc 7.grift 7 20 158 9),non-type
/exp/matmult/constant-swap/mutant5/mutant5-static/3.grift,#(struct:srcloc 3.grift 7 20 172 9),non-type
/exp/matmult/constant-swap/mutant5/mutant5-static/4.grift,#(struct:srcloc 4.grift 7 20 165 9),non-type
/exp/matmult/position-swap/mutant0/mutant0-static/8.grift,#(struct:srcloc 8.grift 5 12 109 36),non-type
/exp/matmult/position-swap/mutant1/mutant1-static/4.grift,#(struct:srcloc 4.grift 5 20 110 25),non-type
/exp/matmult/position-swap/mutant1/mutant1-static/8.grift,#(struct:srcloc 8.grift 5 20 117 25),non-type
/exp/matmult/position-swap/mutant16/mutant16-static/6.grift,#(struct:srcloc 6.grift 23 125 752 24),non-type
/exp/matmult/position-swap/mutant18/mutant18-static/1.grift,#(struct:srcloc 1.grift 28 11 900 177),non-type
/exp/matmult/position-swap/mutant18/mutant18-static/3.grift,#(struct:srcloc 3.grift 28 11 895 177),non-type
/exp/matmult/position-swap/mutant2/mutant2-static/0.grift,#(struct:srcloc 0.grift 9 26 248 30),non-type
/exp/matmult/position-swap/mutant2/mutant2-static/8.grift,#(struct:srcloc 8.grift 9 26 250 30),non-type
/exp/matmult/position-swap/mutant23/mutant23-static/8.grift,#(struct:srcloc 8.grift 41 38 1210 38),non-type
/exp/matmult/position-swap/mutant3/mutant3-dynamic.grift,#(struct:srcloc mutant3-dynamic.grift 11 62 240 24),non-type
/exp/n_body/constant-swap/mutant1/mutant1-static/2.grift,#(struct:srcloc 2.grift 3 30 79 15),non-type
/exp/n_body/constant-swap/mutant100/mutant100-static/0.grift,#(struct:srcloc 0.grift 63 233 2961 30),non-type
/exp/n_body/constant-swap/mutant101/mutant101-dynamic.grift,#(struct:srcloc mutant101-dynamic.grift 139 17 3003 10),non-type
/exp/n_body/constant-swap/mutant106/mutant106-static/3.grift,#(struct:srcloc 3.grift 65 52 3019 12),non-type
/exp/n_body/constant-swap/mutant107/mutant107-static/7.grift,#(struct:srcloc 7.grift 65 52 2982 11),non-type
/exp/n_body/constant-swap/mutant107/mutant107-static/9.grift,#(struct:srcloc 9.grift 65 52 2919 11),non-type
/exp/n_body/constant-swap/mutant108/mutant108-static/9.grift,#(struct:srcloc 9.grift 65 52 2919 9),bivirant
/exp/n_body/constant-swap/mutant109/mutant109-static/2.grift,#(struct:srcloc 2.grift 67 60 3178 9),non-type
/exp/n_body/constant-swap/mutant109/mutant109-static/6.grift,#(struct:srcloc 6.grift 67 44 3080 9),non-type
/exp/n_body/constant-swap/mutant109/mutant109-static/7.grift,#(struct:srcloc 7.grift 67 44 3067 9),non-type
/exp/n_body/constant-swap/mutant12/mutant12-static/0.grift,#(struct:srcloc 0.grift 16 24 493 9),non-type
/exp/n_body/constant-swap/mutant120/mutant120-static/9.grift,#(struct:srcloc 9.grift 73 28 3301 10),non-type
/exp/n_body/constant-swap/mutant122/mutant122-static/5.grift,#(struct:srcloc 5.grift 75 25 3451 9),non-type
/exp/n_body/constant-swap/mutant125/mutant125-static/3.grift,#(struct:srcloc 3.grift 75 27 3449 12),non-type
/exp/n_body/constant-swap/mutant128/mutant128-static.grift,#(struct:srcloc mutant128-static.grift 160 30 3705 12),non-type
/exp/n_body/constant-swap/mutant13/mutant13-static/5.grift,#(struct:srcloc 5.grift 17 24 511 10),non-type
/exp/n_body/constant-swap/mutant13/mutant13-static/6.grift,#(struct:srcloc 6.grift 17 24 502 10),non-type
/exp/n_body/constant-swap/mutant131/mutant131-static/0.grift,#(struct:srcloc 0.grift 75 35 3698 12),non-type
/exp/n_body/constant-swap/mutant131/mutant131-static/2.grift,#(struct:srcloc 2.grift 75 35 3621 12),non-type
/exp/n_body/constant-swap/mutant131/mutant131-static/7.grift,#(struct:srcloc 7.grift 75 35 3425 12),non-type
/exp/n_body/constant-swap/mutant132/mutant132-static/4.grift,#(struct:srcloc 4.grift 75 35 3460 11),non-type
/exp/n_body/constant-swap/mutant144/mutant144-static/2.grift,#(struct:srcloc 2.grift 83 43 3968 9),non-type
/exp/n_body/constant-swap/mutant150/mutant150-static/0.grift,#(struct:srcloc 0.grift 84 43 4122 9),non-type
/exp/n_body/constant-swap/mutant150/mutant150-static/1.grift,#(struct:srcloc 1.grift 84 43 4083 9),non-type
/exp/n_body/constant-swap/mutant152/mutant152-static/2.grift,#(struct:srcloc 2.grift 84 43 4047 9),non-type
/exp/n_body/constant-swap/mutant152/mutant152-static/8.grift,#(struct:srcloc 8.grift 84 43 3814 9),non-type
/exp/n_body/constant-swap/mutant155/mutant155-static/2.grift,#(struct:srcloc 2.grift 84 58 4070 12),non-type
/exp/n_body/constant-swap/mutant156/mutant156-static/8.grift,#(struct:srcloc 8.grift 84 58 3829 11),non-type
/exp/n_body/constant-swap/mutant164/mutant164-dynamic.grift,#(struct:srcloc mutant164-dynamic.grift 169 57 3944 10),non-type
/exp/n_body/constant-swap/mutant166/mutant166-static/3.grift,#(struct:srcloc 3.grift 87 133 4124 10),alias
/exp/n_body/constant-swap/mutant184/mutant184-static/9.grift,#(struct:srcloc 9.grift 97 108 4435 10),non-type
/exp/n_body/constant-swap/mutant193/mutant193-static/4.grift,#(struct:srcloc 4.grift 100 40 4740 10),non-type
/exp/n_body/constant-swap/mutant195/mutant195-static.grift,#(struct:srcloc mutant195-static.grift 205 26 5271 10),non-type
/exp/n_body/constant-swap/mutant195/mutant195-static/1.grift,#(struct:srcloc 1.grift 106 26 5159 10),non-type
/exp/n_body/constant-swap/mutant195/mutant195-static/3.grift,#(struct:srcloc 3.grift 106 26 4966 10),non-type
/exp/n_body/constant-swap/mutant199/mutant199-static/8.grift,#(struct:srcloc 8.grift 110 38 4986 9),non-type
/exp/n_body/constant-swap/mutant200/mutant200-dynamic.grift,#(struct:srcloc mutant200-dynamic.grift 207 53 5030 9),non-type
/exp/n_body/constant-swap/mutant209/mutant209-static/7.grift,#(struct:srcloc 7.grift 114 56 5216 10),non-type
/exp/n_body/constant-swap/mutant215/mutant215-static/0.grift,#(struct:srcloc 0.grift 119 43 5813 10),non-type
/exp/n_body/constant-swap/mutant220/mutant220-static/0.grift,#(struct:srcloc 0.grift 128 33 6068 10),non-type
/exp/n_body/constant-swap/mutant228/mutant228-static/2.grift,#(struct:srcloc 2.grift 129 33 6086 10),non-type
/exp/n_body/constant-swap/mutant230/mutant230-static/9.grift,#(struct:srcloc 9.grift 139 38 6119 9),non-type
/exp/n_body/constant-swap/mutant240/mutant240-static.grift,#(struct:srcloc mutant240-static.grift 266 35 6979 10),non-type
/exp/n_body/constant-swap/mutant250/mutant250-static.grift,#(struct:srcloc mutant250-static.grift 296 56 7905 10),non-type
/exp/n_body/constant-swap/mutant260/mutant260-static/7.grift,#(struct:srcloc 7.grift 162 46 7305 10),non-type
/exp/n_body/constant-swap/mutant264/mutant264-static.grift,#(struct:srcloc mutant264-static.grift 306 24 8405 10),non-type
/exp/n_body/constant-swap/mutant268/mutant268-static/8.grift,#(struct:srcloc 8.grift 167 25 7478 9),non-type
/exp/n_body/constant-swap/mutant27/mutant27-static/1.grift,#(struct:srcloc 1.grift 26 18 786 9),non-type
/exp/n_body/constant-swap/mutant270/mutant270-static/7.grift,#(struct:srcloc 7.grift 167 25 7521 9),non-type
/exp/n_body/constant-swap/mutant276/mutant276-dynamic.grift,#(struct:srcloc mutant276-dynamic.grift 303 46 8034 10),non-type
/exp/n_body/constant-swap/mutant280/mutant280-static/4.grift,#(struct:srcloc 4.grift 169 47 7745 10),non-type
/exp/n_body/constant-swap/mutant30/mutant30-static/7.grift,#(struct:srcloc 7.grift 28 17 815 9),non-type
/exp/n_body/constant-swap/mutant33/mutant33-static/4.grift,#(struct:srcloc 4.grift 33 17 988 10),non-type
/exp/n_body/constant-swap/mutant45/mutant45-static/3.grift,#(struct:srcloc 3.grift 48 17 1479 10),non-type
/exp/n_body/constant-swap/mutant45/mutant45-static/6.grift,#(struct:srcloc 6.grift 48 17 1468 10),non-type
/exp/n_body/constant-swap/mutant47/mutant47-static/5.grift,#(struct:srcloc 5.grift 51 18 1556 10),non-type
/exp/n_body/constant-swap/mutant49/mutant49-static/6.grift,#(struct:srcloc 6.grift 53 17 1610 10),non-type
/exp/n_body/constant-swap/mutant55/mutant55-static/2.grift,#(struct:srcloc 2.grift 59 31 1838 12),non-type
/exp/n_body/constant-swap/mutant56/mutant56-static/7.grift,#(struct:srcloc 7.grift 59 31 1797 11),non-type
/exp/n_body/constant-swap/mutant57/mutant57-static/8.grift,#(struct:srcloc 8.grift 59 31 1771 9),non-type
/exp/n_body/constant-swap/mutant7/mutant7-dynamic.grift,#(struct:srcloc mutant7-dynamic.grift 23 19 328 12),non-type
/exp/n_body/constant-swap/mutant71/mutant71-static/7.grift,#(struct:srcloc 7.grift 59 51 1817 11),non-type
/exp/n_body/constant-swap/mutant71/mutant71-static/8.grift,#(struct:srcloc 8.grift 59 51 1791 11),non-type
/exp/n_body/constant-swap/mutant74/mutant74-static.grift,#(struct:srcloc mutant74-static.grift 103 13 1960 26),non-type
/exp/n_body/constant-swap/mutant77/mutant77-static/2.grift,#(struct:srcloc 2.grift 60 149 2029 29),non-type
/exp/n_body/constant-swap/mutant83/mutant83-static/2.grift,#(struct:srcloc 2.grift 61 94 2241 28),non-type
/exp/n_body/constant-swap/mutant83/mutant83-static/3.grift,#(struct:srcloc 3.grift 61 94 2226 28),non-type
/exp/n_body/constant-swap/mutant84/mutant84-static/7.grift,#(struct:srcloc 7.grift 61 136 2234 29),non-type
/exp/n_body/constant-swap/mutant85/mutant85-static/5.grift,#(struct:srcloc 5.grift 61 177 2307 30),non-type
/exp/n_body/constant-swap/mutant85/mutant85-static/8.grift,#(struct:srcloc 8.grift 61 177 2243 30),non-type
/exp/n_body/constant-swap/mutant89/mutant89-static/6.grift,#(struct:srcloc 6.grift 62 73 2450 27),non-type
/exp/n_body/constant-swap/mutant94/mutant94-static/7.grift,#(struct:srcloc 7.grift 63 42 2660 27),non-type
/exp/n_body/constant-swap/mutant96/mutant96-static/3.grift,#(struct:srcloc 3.grift 63 81 2735 28),non-type
/exp/n_body/constant-swap/mutant99/mutant99-static/5.grift,#(struct:srcloc 5.grift 63 189 2843 28),non-type
/exp/n_body/position-swap/mutant0/mutant0-dynamic.grift,#(struct:srcloc mutant0-dynamic.grift 12 2 116 37),non-type
/exp/n_body/position-swap/mutant0/mutant0-static.grift,#(struct:srcloc mutant0-static.grift 12 2 122 37),non-type
/exp/n_body/position-swap/mutant10/mutant10-dynamic.grift,#(struct:srcloc mutant10-dynamic.grift 100 13 1748 56),non-type
/exp/n_body/position-swap/mutant102/mutant102-static/0.grift,#(struct:srcloc 0.grift 148 23 6952 397),non-type
/exp/n_body/position-swap/mutant103/mutant103-static.grift,#(struct:srcloc mutant103-static.grift 275 19 7280 561),non-type
/exp/n_body/position-swap/mutant104/mutant104-static/3.grift,#(struct:srcloc 3.grift 149 27 6815 28),non-type
/exp/n_body/position-swap/mutant112/mutant112-static/6.grift,#(struct:srcloc 6.grift 161 65 7328 30),non-type
/exp/n_body/position-swap/mutant117/mutant117-static.grift,#(struct:srcloc mutant117-static.grift 300 42 8162 30),non-type
/exp/n_body/position-swap/mutant120/mutant120-static/9.grift,#(struct:srcloc 9.grift 162 97 7286 39),non-type
/exp/n_body/position-swap/mutant123/mutant123-static/1.grift,#(struct:srcloc 1.grift 167 50 7852 27),non-type
/exp/n_body/position-swap/mutant126/mutant126-static/3.grift,#(struct:srcloc 3.grift 169 27 7805 51),non-type
/exp/n_body/position-swap/mutant14/mutant14-dynamic.grift,#(struct:srcloc mutant14-dynamic.grift 106 2 1926 324),non-type
/exp/n_body/position-swap/mutant14/mutant14-static/7.grift,#(struct:srcloc 7.grift 61 23 2103 246),non-type
/exp/n_body/position-swap/mutant19/mutant19-static/3.grift,#(struct:srcloc 3.grift 61 214 2362 54),non-type
/exp/n_body/position-swap/mutant22/mutant22-static/5.grift,#(struct:srcloc 5.grift 62 30 2387 251),non-type
/exp/n_body/position-swap/mutant27/mutant27-static/8.grift,#(struct:srcloc 8.grift 63 24 2614 250),non-type
/exp/n_body/position-swap/mutant28/mutant28-static/1.grift,#(struct:srcloc 1.grift 63 24 2735 250),non-type
/exp/n_body/position-swap/mutant33/mutant33-static/9.grift,#(struct:srcloc 9.grift 63 226 2794 54),non-type
/exp/n_body/position-swap/mutant38/mutant38-dynamic.grift,#(struct:srcloc mutant38-dynamic.grift 158 6 3413 36),non-type
/exp/n_body/position-swap/mutant39/mutant39-static/5.grift,#(struct:srcloc 5.grift 82 48 3763 45),non-type
/exp/n_body/position-swap/mutant4/mutant4-static/6.grift,#(struct:srcloc 6.grift 59 20 1773 62),non-type
/exp/n_body/position-swap/mutant41/mutant41-static/4.grift,#(struct:srcloc 4.grift 83 48 3873 45),non-type
/exp/n_body/position-swap/mutant41/mutant41-static/9.grift,#(struct:srcloc 9.grift 83 48 3719 45),non-type
/exp/n_body/position-swap/mutant42/mutant42-static/2.grift,#(struct:srcloc 2.grift 83 53 4002 28),non-type
/exp/n_body/position-swap/mutant46/mutant46-static/8.grift,#(struct:srcloc 8.grift 87 9 3919 194),non-type
/exp/n_body/position-swap/mutant49/mutant49-static/7.grift,#(struct:srcloc 7.grift 87 48 4040 55),non-type
/exp/n_body/position-swap/mutant51/mutant51-static/5.grift,#(struct:srcloc 5.grift 87 97 4129 55),non-type
/exp/n_body/position-swap/mutant51/mutant51-static/6.grift,#(struct:srcloc 6.grift 87 97 4101 55),non-type
/exp/n_body/position-swap/mutant52/mutant52-static/9.grift,#(struct:srcloc 9.grift 87 138 4034 64),non-type
/exp/n_body/position-swap/mutant56/mutant56-static/0.grift,#(struct:srcloc 0.grift 97 18 4698 153),non-type
/exp/n_body/position-swap/mutant57/mutant57-static/8.grift,#(struct:srcloc 8.grift 97 23 4379 105),non-type
/exp/n_body/position-swap/mutant58/mutant58-static/5.grift,#(struct:srcloc 5.grift 97 28 4507 57),non-type
/exp/n_body/position-swap/mutant62/mutant62-dynamic.grift,#(struct:srcloc mutant62-dynamic.grift 193 24 4614 53),non-type
/exp/n_body/position-swap/mutant78/mutant78-static/5.grift,#(struct:srcloc 5.grift 116 64 5411 27),non-type
/exp/n_body/position-swap/mutant83/mutant83-static/6.grift,#(struct:srcloc 6.grift 119 18 5549 46),suc-usage
/exp/n_body/position-swap/mutant85/mutant85-static/0.grift,#(struct:srcloc 0.grift 123 7 5915 35),non-type
/exp/n_body/position-swap/mutant88/mutant88-static/6.grift,#(struct:srcloc 6.grift 128 28 5818 23),non-type
/exp/n_body/position-swap/mutant9/mutant9-static/8.grift,#(struct:srcloc 8.grift 60 103 1907 56),non-type
/exp/n_body/position-swap/mutant91/mutant91-dynamic.grift,#(struct:srcloc mutant91-dynamic.grift 249 13 6177 339),non-type
/exp/n_body/position-swap/mutant92/mutant92-dynamic.grift,#(struct:srcloc mutant92-dynamic.grift 252 15 6233 57),non-type
/exp/n_body/position-swap/mutant92/mutant92-static.grift,#(struct:srcloc mutant92-static.grift 258 15 6731 57),non-type
/exp/n_body/position-swap/mutant94/mutant94-static/6.grift,#(struct:srcloc 6.grift 143 18 6437 57),non-type
/exp/n_body/position-swap/mutant98/mutant98-static/3.grift,#(struct:srcloc 3.grift 145 43 6623 27),non-type
/exp/n_body/position-swap/mutant99/mutant99-dynamic.grift,#(struct:srcloc mutant99-dynamic.grift 264 52 6616 27),non-type
/exp/n_body/position-swap/mutant99/mutant99-static/1.grift,#(struct:srcloc 1.grift 145 56 6782 27),non-type
/exp/quicksort/constant-swap/mutant10/mutant10-dynamic.grift,#(struct:srcloc mutant10-dynamic.grift 49 43 1486 10),non-type
/exp/quicksort/constant-swap/mutant20/mutant20-dynamic.grift,#(struct:srcloc mutant20-dynamic.grift 68 28 2156 10),non-type
/exp/quicksort/constant-swap/mutant20/mutant20-static/4.grift,#(struct:srcloc 4.grift 49 33 2125 10),non-type
/exp/quicksort/constant-swap/mutant22/mutant22-static/4.grift,#(struct:srcloc 4.grift 50 48 2169 10),non-type
/exp/quicksort/constant-swap/mutant4/mutant4-dynamic.grift,#(struct:srcloc mutant4-dynamic.grift 25 39 619 10),non-type
/exp/quicksort/constant-swap/mutant8/mutant8-static/2.grift,#(struct:srcloc 2.grift 30 62 1263 10),non-type
/exp/quicksort/position-swap/mutant0/mutant0-static/4.grift,#(struct:srcloc 4.grift 6 15 130 31),non-type
/exp/quicksort/position-swap/mutant11/mutant11-static/3.grift,#(struct:srcloc 3.grift 30 49 1251 31),non-type
/exp/quicksort/position-swap/mutant14/mutant14-dynamic.grift,#(struct:srcloc mutant14-dynamic.grift 49 30 1473 31),non-type
/exp/quicksort/position-swap/mutant14/mutant14-static/2.grift,#(struct:srcloc 2.grift 33 38 1404 31),non-type
/exp/quicksort/position-swap/mutant15/mutant15-static/6.grift,#(struct:srcloc 6.grift 34 30 1446 31),non-type
/exp/quicksort/position-swap/mutant3/mutant3-static/6.grift,#(struct:srcloc 6.grift 13 36 443 33),suc-usage
/exp/quicksort/position-swap/mutant7/mutant7-static.grift,#(struct:srcloc mutant7-static.grift 25 34 645 23),non-type
/exp/quicksort/position-swap/mutant9/mutant9-static.grift,#(struct:srcloc mutant9-static.grift 36 30 998 23),non-type
/exp/ray/constant-swap/mutant0/mutant0-static/8.grift,#(struct:srcloc 8.grift 27 79 901 11),non-type
/exp/ray/constant-swap/mutant101/mutant101-dynamic.grift,#(struct:srcloc mutant101-dynamic.grift 255 18 7314 9),suc-usage
/exp/ray/constant-swap/mutant103/mutant103-static/4.grift,#(struct:srcloc 4.grift 150 24 7201 14),non-type
/exp/ray/constant-swap/mutant107/mutant107-static.grift,#(struct:srcloc mutant107-static.grift 258 37 8766 13),non-type
/exp/ray/constant-swap/mutant110/mutant110-static/9.grift,#(struct:srcloc 9.grift 151 17 6505 12),suc-usage
/exp/ray/constant-swap/mutant114/mutant114-static/7.grift,#(struct:srcloc 7.grift 151 26 6836 14),non-type
/exp/ray/constant-swap/mutant114/mutant114-static/9.grift,#(struct:srcloc 9.grift 151 26 6514 14),non-type
/exp/ray/constant-swap/mutant116/mutant116-static.grift,#(struct:srcloc mutant116-static.grift 259 31 8808 15),non-type
/exp/ray/constant-swap/mutant116/mutant116-static/5.grift,#(struct:srcloc 5.grift 151 33 7268 15),non-type
/exp/ray/constant-swap/mutant118/mutant118-dynamic.grift,#(struct:srcloc mutant118-dynamic.grift 256 39 7383 13),non-type
/exp/ray/constant-swap/mutant119/mutant119-static/0.grift,#(struct:srcloc 0.grift 151 47 7632 12),non-type
/exp/ray/constant-swap/mutant120/mutant120-static/4.grift,#(struct:srcloc 4.grift 152 17 7310 11),non-type
/exp/ray/constant-swap/mutant124/mutant124-static.grift,#(struct:srcloc mutant124-static.grift 260 23 8850 13),non-type
/exp/ray/constant-swap/mutant124/mutant124-static/6.grift,#(struct:srcloc 6.grift 152 25 7112 13),non-type
/exp/ray/constant-swap/mutant125/mutant125-static/9.grift,#(struct:srcloc 9.grift 152 25 6565 14),non-type
/exp/ray/constant-swap/mutant127/mutant127-static/7.grift,#(struct:srcloc 7.grift 152 32 6892 15),non-type
/exp/ray/constant-swap/mutant130/mutant130-static/3.grift,#(struct:srcloc 3.grift 152 46 7402 12),non-type
/exp/ray/constant-swap/mutant130/mutant130-static/4.grift,#(struct:srcloc 4.grift 152 46 7307 12),non-type
/exp/ray/constant-swap/mutant137/mutant137-static/6.grift,#(struct:srcloc 6.grift 156 21 7236 10),non-type
/exp/ray/constant-swap/mutant137/mutant137-static/7.grift,#(struct:srcloc 7.grift 156 21 7023 10),non-type
/exp/ray/constant-swap/mutant139/mutant139-static/4.grift,#(struct:srcloc 4.grift 156 23 7407 10),non-type
/exp/ray/constant-swap/mutant142/mutant142-static/6.grift,#(struct:srcloc 6.grift 158 61 7335 13),non-type
/exp/ray/constant-swap/mutant143/mutant143-static/0.grift,#(struct:srcloc 0.grift 158 68 7910 14),non-type
/exp/ray/constant-swap/mutant146/mutant146-static.grift,#(struct:srcloc mutant146-static.grift 273 55 9306 14),non-type
/exp/ray/constant-swap/mutant148/mutant148-static/3.grift,#(struct:srcloc 3.grift 158 102 7663 12),non-type
/exp/ray/constant-swap/mutant20/mutant20-dynamic.grift,#(struct:srcloc mutant20-dynamic.grift 46 18 854 12),non-type
/exp/ray/constant-swap/mutant22/mutant22-static/5.grift,#(struct:srcloc 5.grift 28 54 1076 9),suc-usage
/exp/ray/constant-swap/mutant23/mutant23-static/4.grift,#(struct:srcloc 4.grift 28 58 1148 14),non-type
/exp/ray/constant-swap/mutant24/mutant24-static/5.grift,#(struct:srcloc 5.grift 28 58 1080 13),non-type
/exp/ray/constant-swap/mutant25/mutant25-static/5.grift,#(struct:srcloc 5.grift 31 19 1178 12),non-type
/exp/ray/constant-swap/mutant25/mutant25-static/8.grift,#(struct:srcloc 8.grift 31 19 1085 12),non-type
/exp/ray/constant-swap/mutant36/mutant36-static/1.grift,#(struct:srcloc 1.grift 43 21 1611 9),non-type
/exp/ray/constant-swap/mutant39/mutant39-static/0.grift,#(struct:srcloc 0.grift 45 90 1748 12),non-type
/exp/ray/constant-swap/mutant39/mutant39-static/8.grift,#(struct:srcloc 8.grift 45 90 1562 12),non-type
/exp/ray/constant-swap/mutant40/mutant40-static/3.grift,#(struct:srcloc 3.grift 45 90 1731 13),non-type
/exp/ray/constant-swap/mutant43/mutant43-static/0.grift,#(struct:srcloc 0.grift 55 25 2324 9),non-type
/exp/ray/constant-swap/mutant55/mutant55-static.grift,#(struct:srcloc mutant55-static.grift 91 41 2504 12),non-type
/exp/ray/constant-swap/mutant57/mutant57-static/1.grift,#(struct:srcloc 1.grift 55 85 2373 9),suc-usage
/exp/ray/constant-swap/mutant59/mutant59-static/4.grift,#(struct:srcloc 4.grift 55 89 2321 11),non-type
/exp/ray/constant-swap/mutant60/mutant60-static/6.grift,#(struct:srcloc 6.grift 55 89 2216 9),suc-usage
/exp/ray/constant-swap/mutant68/mutant68-static/4.grift,#(struct:srcloc 4.grift 55 110 2328 11),non-type
/exp/ray/constant-swap/mutant70/mutant70-static.grift,#(struct:srcloc mutant70-static.grift 93 15 2564 15),non-type
/exp/ray/constant-swap/mutant83/mutant83-static/8.grift,#(struct:srcloc 8.grift 99 35 4245 12),non-type
/exp/ray/constant-swap/mutant86/mutant86-static/7.grift,#(struct:srcloc 7.grift 100 46 4364 10),non-type
/exp/ray/constant-swap/mutant88/mutant88-dynamic.grift,#(struct:srcloc mutant88-dynamic.grift 186 34 5196 12),non-type
/exp/ray/constant-swap/mutant88/mutant88-static/0.grift,#(struct:srcloc 0.grift 106 38 5115 12),non-type
/exp/ray/constant-swap/mutant94/mutant94-static/2.grift,#(struct:srcloc 2.grift 121 13 5978 12),non-type
/exp/ray/constant-swap/mutant95/mutant95-static.grift,#(struct:srcloc mutant95-static.grift 214 11 7307 11),non-type
/exp/ray/constant-swap/mutant95/mutant95-static/1.grift,#(struct:srcloc 1.grift 121 13 6064 11),non-type
/exp/ray/constant-swap/mutant95/mutant95-static/8.grift,#(struct:srcloc 8.grift 121 13 5456 11),non-type
/exp/ray/position-swap/mutant0/mutant0-static/7.grift,#(struct:srcloc 7.grift 13 3 361 25),non-type
/exp/ray/position-swap/mutant103/mutant103-static/4.grift,#(struct:srcloc 4.grift 121 6 5906 135),non-type
/exp/ray/position-swap/mutant103/mutant103-static/7.grift,#(struct:srcloc 7.grift 121 6 5592 135),non-type
/exp/ray/position-swap/mutant104/mutant104-dynamic.grift,#(struct:srcloc mutant104-dynamic.grift 213 11 6335 139),non-type
/exp/ray/position-swap/mutant109/mutant109-static/5.grift,#(struct:srcloc 5.grift 139 12 6665 52),non-type
/exp/ray/position-swap/mutant11/mutant11-static/5.grift,#(struct:srcloc 5.grift 26 72 870 47),non-type
/exp/ray/position-swap/mutant110/mutant110-static/0.grift,#(struct:srcloc 0.grift 139 29 7050 34),non-type
/exp/ray/position-swap/mutant112/mutant112-static/1.grift,#(struct:srcloc 1.grift 147 19 7257 46),non-type
/exp/ray/position-swap/mutant113/mutant113-static/1.grift,#(struct:srcloc 1.grift 147 50 7288 46),non-type
/exp/ray/position-swap/mutant114/mutant114-static/8.grift,#(struct:srcloc 8.grift 147 81 6484 46),non-type
/exp/ray/position-swap/mutant116/mutant116-static/5.grift,#(struct:srcloc 5.grift 150 6 7072 59),non-type
/exp/ray/position-swap/mutant121/mutant121-static/9.grift,#(struct:srcloc 9.grift 152 6 6502 60),suc-usage
/exp/ray/position-swap/mutant124/mutant124-static/7.grift,#(struct:srcloc 7.grift 158 14 7059 114),suc-usage
/exp/ray/position-swap/mutant127/mutant127-static/7.grift,#(struct:srcloc 7.grift 158 41 7111 42),non-type
/exp/ray/position-swap/mutant14/mutant14-static/6.grift,#(struct:srcloc 6.grift 31 12 1170 27),non-type
/exp/ray/position-swap/mutant19/mutant19-static/4.grift,#(struct:srcloc 4.grift 45 96 1662 53),non-type
/exp/ray/position-swap/mutant2/mutant2-static/7.grift,#(struct:srcloc 7.grift 17 23 461 35),non-type
/exp/ray/position-swap/mutant21/mutant21-static/1.grift,#(struct:srcloc 1.grift 50 25 1920 37),non-type
/exp/ray/position-swap/mutant23/mutant23-static.grift,#(struct:srcloc mutant23-static.grift 79 25 2105 45),non-type
/exp/ray/position-swap/mutant28/mutant28-static/7.grift,#(struct:srcloc 7.grift 60 12 2397 58),non-type
/exp/ray/position-swap/mutant28/mutant28-static/9.grift,#(struct:srcloc 9.grift 60 12 2205 58),non-type
/exp/ray/position-swap/mutant3/mutant3-static/8.grift,#(struct:srcloc 8.grift 22 12 594 27),non-type
/exp/ray/position-swap/mutant31/mutant31-static/3.grift,#(struct:srcloc 3.grift 73 14 2987 260),non-type
/exp/ray/position-swap/mutant31/mutant31-static/5.grift,#(struct:srcloc 5.grift 73 14 2923 258),non-type
/exp/ray/position-swap/mutant34/mutant34-static/3.grift,#(struct:srcloc 3.grift 82 21 3282 51),non-type
/exp/ray/position-swap/mutant34/mutant34-static/4.grift,#(struct:srcloc 4.grift 82 21 3240 51),non-type
/exp/ray/position-swap/mutant38/mutant38-static/9.grift,#(struct:srcloc 9.grift 84 35 3009 56),non-type
/exp/ray/position-swap/mutant39/mutant39-dynamic.grift,#(struct:srcloc mutant39-dynamic.grift 143 32 3308 47),non-type
/exp/ray/position-swap/mutant39/mutant39-static/8.grift,#(struct:srcloc 8.grift 84 40 3182 47),non-type
/exp/ray/position-swap/mutant4/mutant4-static/6.grift,#(struct:srcloc 6.grift 23 6 682 58),non-type
/exp/ray/position-swap/mutant4/mutant4-static/7.grift,#(struct:srcloc 7.grift 23 6 656 58),non-type
/exp/ray/position-swap/mutant4/mutant4-static/9.grift,#(struct:srcloc 9.grift 23 6 614 58),non-type
/exp/ray/position-swap/mutant43/mutant43-static/8.grift,#(struct:srcloc 8.grift 84 122 3278 56),non-type
/exp/ray/position-swap/mutant44/mutant44-static/4.grift,#(struct:srcloc 4.grift 84 127 3443 47),non-type
/exp/ray/position-swap/mutant48/mutant48-static/5.grift,#(struct:srcloc 5.grift 86 72 3552 47),non-type
/exp/ray/position-swap/mutant49/mutant49-dynamic.grift,#(struct:srcloc mutant49-dynamic.grift 150 22 3677 119),non-type
/exp/ray/position-swap/mutant50/mutant50-static/6.grift,#(struct:srcloc 6.grift 86 115 3519 47),non-type
/exp/ray/position-swap/mutant52/mutant52-static/1.grift,#(struct:srcloc 1.grift 89 27 4034 36),non-type
/exp/ray/position-swap/mutant53/mutant53-static/4.grift,#(struct:srcloc 4.grift 91 30 3862 118),non-type
/exp/ray/position-swap/mutant55/mutant55-static/7.grift,#(struct:srcloc 7.grift 91 60 3766 26),non-type
/exp/ray/position-swap/mutant56/mutant56-static/7.grift,#(struct:srcloc 7.grift 91 72 3778 45),non-type
/exp/ray/position-swap/mutant57/mutant57-static/4.grift,#(struct:srcloc 4.grift 91 90 3908 26),non-type
/exp/ray/position-swap/mutant58/mutant58-static/1.grift,#(struct:srcloc 1.grift 91 102 4135 45),non-type
/exp/ray/position-swap/mutant6/mutant6-static/8.grift,#(struct:srcloc 8.grift 23 28 636 25),non-type
/exp/ray/position-swap/mutant61/mutant61-static/3.grift,#(struct:srcloc 3.grift 94 31 4150 28),non-type
/exp/ray/position-swap/mutant64/mutant64-static/5.grift,#(struct:srcloc 5.grift 95 30 4131 59),non-type
/exp/ray/position-swap/mutant7/mutant7-static.grift,#(struct:srcloc mutant7-static.grift 32 36 696 25),non-type
/exp/ray/position-swap/mutant76/mutant76-static/2.grift,#(struct:srcloc 2.grift 100 24 4518 70),non-type
/exp/ray/position-swap/mutant77/mutant77-static/0.grift,#(struct:srcloc 0.grift 100 37 4816 27),non-type
/exp/ray/position-swap/mutant77/mutant77-static/6.grift,#(struct:srcloc 6.grift 100 37 4379 27),non-type
/exp/ray/position-swap/mutant79/mutant79-static/8.grift,#(struct:srcloc 8.grift 106 33 4571 27),non-type
/exp/ray/position-swap/mutant8/mutant8-dynamic.grift,#(struct:srcloc mutant8-dynamic.grift 36 2 620 131),non-type
/exp/ray/position-swap/mutant81/mutant81-static/6.grift,#(struct:srcloc 6.grift 108 43 4788 48),non-type
/exp/ray/position-swap/mutant84/mutant84-static/6.grift,#(struct:srcloc 6.grift 108 81 4826 36),non-type
/exp/ray/position-swap/mutant87/mutant87-static/2.grift,#(struct:srcloc 2.grift 110 69 5139 26),non-type
/exp/ray/position-swap/mutant87/mutant87-static/3.grift,#(struct:srcloc 3.grift 110 69 5113 26),non-type
/exp/ray/position-swap/mutant87/mutant87-static/7.grift,#(struct:srcloc 7.grift 110 69 4973 26),non-type
/exp/ray/position-swap/mutant88/mutant88-static.grift,#(struct:srcloc mutant88-static.grift 196 45 6519 45),non-type
/exp/ray/position-swap/mutant89/mutant89-static/7.grift,#(struct:srcloc 7.grift 110 99 4986 26),non-type
/exp/ray/position-swap/mutant9/mutant9-static/5.grift,#(struct:srcloc 5.grift 26 8 806 47),non-type
/exp/ray/position-swap/mutant9/mutant9-static/6.grift,#(struct:srcloc 6.grift 26 8 826 47),non-type
/exp/ray/position-swap/mutant90/mutant90-static.grift,#(struct:srcloc mutant90-static.grift 197 45 6594 45),non-type
/exp/ray/position-swap/mutant90/mutant90-static/4.grift,#(struct:srcloc 4.grift 110 111 5119 45),non-type
/exp/ray/position-swap/mutant94/mutant94-static/1.grift,#(struct:srcloc 1.grift 114 39 5565 59),non-type
/exp/ray/position-swap/mutant97/mutant97-static/4.grift,#(struct:srcloc 4.grift 114 52 5351 27),non-type
/exp/tak/constant-swap/mutant0/mutant0-static/4.grift,#(struct:srcloc 4.grift 7 21 132 10),non-type
/exp/tak/constant-swap/mutant0/mutant0-static/9.grift,#(struct:srcloc 9.grift 7 21 132 10),non-type
/exp/tak/constant-swap/mutant2/mutant2-static/5.grift,#(struct:srcloc 5.grift 7 39 150 10),non-type
/exp/tak/position-swap/mutant4/mutant4-static/7.grift,#(struct:srcloc 7.grift 7 29 140 33),non-type
/exp/tak/position-swap/mutant8/mutant8-static/6.grift,#(struct:srcloc 6.grift 16 26 401 27),non-type
